{"inputUnits":[63],"outputUnits":1,"inputs":{"0":{"dtype":"number","min":15.445982933044434,"max":89.10978698730469},"1":{"dtype":"number","min":-197.25332960235616,"max":55.96773004201527},"2":{"dtype":"number","min":-50.206720770111275,"max":200.27064816552706},"3":{"dtype":"number","min":-64.11325435047881,"max":19.70666580557632},"4":{"dtype":"number","min":-2.3836076843670497,"max":6.377491633592161},"5":{"dtype":"number","min":3.9441522601134903e-14,"max":2.805458321544152},"6":{"dtype":"number","min":4,"max":199},"7":{"dtype":"number","min":0,"max":36.133514404296875},"8":{"dtype":"number","min":-71.54838707265058,"max":139.56048428395894},"9":{"dtype":"number","min":-117.80040356995609,"max":65.95200915154152},"10":{"dtype":"number","min":-22.150669720685052,"max":23.7600807139903},"11":{"dtype":"number","min":0,"max":1.7151483960392226},"12":{"dtype":"number","min":0,"max":196},"13":{"dtype":"number","min":0,"max":79.00000000132276},"14":{"dtype":"number","min":-51.333333338153565,"max":213.71763405327076},"15":{"dtype":"number","min":-326.0764510792391,"max":49.500000006813636},"16":{"dtype":"number","min":-15.82142856649914,"max":109.35881702635983},"17":{"dtype":"number","min":0,"max":3.449196316493719},"18":{"dtype":"number","min":0,"max":197},"19":{"dtype":"number","min":0,"max":117.0999999978683},"20":{"dtype":"number","min":-10.999999974360572,"max":7.999999999859017},"21":{"dtype":"number","min":0,"max":7.687257582944508},"22":{"dtype":"number","min":0,"max":153},"23":{"dtype":"number","min":5,"max":653},"24":{"dtype":"number","min":0,"max":20.24233360585355},"25":{"dtype":"number","min":0,"max":6.921957440615233},"26":{"dtype":"number","min":0,"max":4303.140670537599},"27":{"dtype":"number","min":0,"max":4734.484085159816},"28":{"dtype":"number","min":0,"max":16.670935890097308},"29":{"dtype":"number","min":0,"max":87},"30":{"dtype":"number","min":0,"max":103},"31":{"dtype":"number","min":0,"max":75},"32":{"dtype":"number","min":0,"max":78},"33":{"dtype":"number","min":0,"max":18},"34":{"dtype":"number","min":0,"max":6117.633330907352},"35":{"dtype":"number","min":0,"max":1.8734023305097518},"36":{"dtype":"number","min":0,"max":3.619114419018758},"37":{"dtype":"number","min":0,"max":74.95971410006497},"38":{"dtype":"number","min":0,"max":11.16243700990066},"39":{"dtype":"number","min":0,"max":5742.88364206657},"40":{"dtype":"number","min":0,"max":6071.30927831396},"41":{"dtype":"number","min":0,"max":14.93492794806007},"42":{"dtype":"number","min":0,"max":117},"43":{"dtype":"number","min":0,"max":95},"44":{"dtype":"number","min":0,"max":207},"45":{"dtype":"number","min":0,"max":220},"46":{"dtype":"number","min":0,"max":31},"47":{"dtype":"number","min":0,"max":8282.08923982775},"48":{"dtype":"number","min":0,"max":1.935482406595926},"49":{"dtype":"number","min":0,"max":3.1296414241682142},"50":{"dtype":"number","min":0,"max":117},"51":{"dtype":"number","min":0,"max":25.01501279335877},"52":{"dtype":"number","min":0,"max":8124.06014987119},"53":{"dtype":"number","min":0,"max":8657.925692603427},"54":{"dtype":"number","min":0,"max":18.19157758341432},"55":{"dtype":"number","min":0,"max":51},"56":{"dtype":"number","min":0,"max":81},"57":{"dtype":"number","min":0,"max":113},"58":{"dtype":"number","min":0,"max":111},"59":{"dtype":"number","min":0,"max":16},"60":{"dtype":"number","min":0,"max":9200.253464887901},"61":{"dtype":"number","min":0,"max":2.105533675103461},"62":{"dtype":"number","min":0,"max":2.9311850860076905}},"outputs":{"y":{"dtype":"number","min":0,"max":1.06}},"isNormalized":true}