{"inputUnits":[40],"outputUnits":4,"inputs":{"x0":{"dtype":"number","min":7,"max":934},"x1":{"dtype":"number","min":0,"max":64.88648064233783},"x2":{"dtype":"number","min":0,"max":31.958519032888717},"x3":{"dtype":"number","min":0,"max":9646.342062961077},"x4":{"dtype":"number","min":0,"max":13800.445805156174},"x5":{"dtype":"number","min":0,"max":16.408868151134058},"x6":{"dtype":"number","min":0,"max":94},"x7":{"dtype":"number","min":0,"max":126},"x8":{"dtype":"number","min":0,"max":178},"x9":{"dtype":"number","min":0,"max":182},"x10":{"dtype":"number","min":0,"max":17},"x11":{"dtype":"number","min":0,"max":16331.970689417734},"x12":{"dtype":"number","min":0,"max":1.6964676078467673},"x13":{"dtype":"number","min":0,"max":2.7493626733794554},"x14":{"dtype":"number","min":0,"max":109.79630386454988},"x15":{"dtype":"number","min":0,"max":38.57316280639803},"x16":{"dtype":"number","min":0,"max":8124.260917864373},"x17":{"dtype":"number","min":0,"max":10188.274804892142},"x18":{"dtype":"number","min":0,"max":22.17087465355469},"x19":{"dtype":"number","min":0,"max":78},"x20":{"dtype":"number","min":0,"max":113},"x21":{"dtype":"number","min":0,"max":338},"x22":{"dtype":"number","min":0,"max":376},"x23":{"dtype":"number","min":0,"max":19},"x24":{"dtype":"number","min":0,"max":15007.534045438644},"x25":{"dtype":"number","min":0,"max":1.6291344288235263},"x26":{"dtype":"number","min":0,"max":2.742769572310163},"x27":{"dtype":"number","min":0,"max":109.4073914595221},"x28":{"dtype":"number","min":0,"max":39.06655290085824},"x29":{"dtype":"number","min":0,"max":6205.519412733972},"x30":{"dtype":"number","min":0,"max":8750.34613737134},"x31":{"dtype":"number","min":0,"max":14.228397704889955},"x32":{"dtype":"number","min":0,"max":55},"x33":{"dtype":"number","min":0,"max":95},"x34":{"dtype":"number","min":0,"max":273},"x35":{"dtype":"number","min":0,"max":309.5},"x36":{"dtype":"number","min":0,"max":12},"x37":{"dtype":"number","min":0,"max":19876.994340191377},"x38":{"dtype":"number","min":0,"max":1.6649119089574265},"x39":{"dtype":"number","min":0,"max":3.116796995858221}},"outputs":{"out":{"dtype":"string","min":0,"max":1,"uniqueValues":["N","A","S","H"],"legend":{"N":[1,0,0,0],"A":[0,1,0,0],"S":[0,0,1,0],"H":[0,0,0,1]}}},"isNormalized":true}