{"inputUnits":[53],"outputUnits":8,"inputs":{"0":{"dtype":"number","min":2,"max":462},"1":{"dtype":"number","min":1.4142135623730951,"max":21.494185260204677},"2":{"dtype":"number","min":0.003466244211239418,"max":38.914696345181085},"3":{"dtype":"number","min":1.6434526764861874,"max":8.357062502448434},"4":{"dtype":"number","min":2,"max":10862},"5":{"dtype":"number","min":0,"max":37.233926044449404},"6":{"dtype":"number","min":0,"max":14.12669264555248},"7":{"dtype":"number","min":0,"max":165.2444755291445},"8":{"dtype":"number","min":0,"max":44.380937098483514},"9":{"dtype":"number","min":0,"max":10577.021272845579},"10":{"dtype":"number","min":0,"max":10577.021272845579},"11":{"dtype":"number","min":0,"max":28},"12":{"dtype":"number","min":0,"max":460},"13":{"dtype":"number","min":0,"max":29},"14":{"dtype":"number","min":0,"max":367},"15":{"dtype":"number","min":0,"max":383},"16":{"dtype":"number","min":0,"max":95},"17":{"dtype":"number","min":0,"max":164.59773750010015},"18":{"dtype":"number","min":0,"max":40.77499155950551},"19":{"dtype":"number","min":-60.127221513458686,"max":46.336518822756624},"20":{"dtype":"number","min":0,"max":100},"21":{"dtype":"number","min":0,"max":119.31518633546447},"22":{"dtype":"number","min":0,"max":20.687174376252294},"23":{"dtype":"number","min":0,"max":166.84010863779412},"24":{"dtype":"number","min":0,"max":44.62581808214599},"25":{"dtype":"number","min":0,"max":4503.08809778286},"26":{"dtype":"number","min":0,"max":4728.242502672004},"27":{"dtype":"number","min":0,"max":25},"28":{"dtype":"number","min":0,"max":438},"29":{"dtype":"number","min":0,"max":20},"30":{"dtype":"number","min":0,"max":582},"31":{"dtype":"number","min":0,"max":565},"32":{"dtype":"number","min":0,"max":118},"33":{"dtype":"number","min":0,"max":164.31205848454422},"34":{"dtype":"number","min":0,"max":42.83195720915129},"35":{"dtype":"number","min":-52.772844805989585,"max":62.19766419814541},"36":{"dtype":"number","min":0,"max":100},"37":{"dtype":"number","min":0,"max":127.00000000000001},"38":{"dtype":"number","min":0,"max":32.65986323710904},"39":{"dtype":"number","min":0,"max":154.42846657941539},"40":{"dtype":"number","min":0,"max":39.52329529417491},"41":{"dtype":"number","min":0,"max":2095.0886280439163},"42":{"dtype":"number","min":0,"max":2376.6425727353453},"43":{"dtype":"number","min":0,"max":21},"44":{"dtype":"number","min":0,"max":430},"45":{"dtype":"number","min":0,"max":57},"46":{"dtype":"number","min":0,"max":632},"47":{"dtype":"number","min":0,"max":662},"48":{"dtype":"number","min":0,"max":93},"49":{"dtype":"number","min":0,"max":159.24845785704937},"50":{"dtype":"number","min":0,"max":39.113966650799924},"51":{"dtype":"number","min":-50.77709983852271,"max":44.92102001608942},"52":{"dtype":"number","min":0,"max":100}},"outputs":{"y":{"dtype":"string","min":0,"max":1,"uniqueValues":["N","S","H","A","F","D","T","U"],"legend":{"N":[1,0,0,0,0,0,0,0],"S":[0,1,0,0,0,0,0,0],"H":[0,0,1,0,0,0,0,0],"A":[0,0,0,1,0,0,0,0],"F":[0,0,0,0,1,0,0,0],"D":[0,0,0,0,0,1,0,0],"T":[0,0,0,0,0,0,1,0],"U":[0,0,0,0,0,0,0,1]}}},"isNormalized":true}