{"inputUnits":[40],"outputUnits":4,"inputs":{"0":{"dtype":"number","min":7,"max":934},"1":{"dtype":"number","min":0,"max":64.88648064233783},"2":{"dtype":"number","min":0,"max":31.958519032888717},"3":{"dtype":"number","min":0,"max":9646.342062961077},"4":{"dtype":"number","min":0,"max":13800.445805156174},"5":{"dtype":"number","min":0,"max":16.408868151134058},"6":{"dtype":"number","min":0,"max":94},"7":{"dtype":"number","min":0,"max":126},"8":{"dtype":"number","min":0,"max":178},"9":{"dtype":"number","min":0,"max":182},"10":{"dtype":"number","min":0,"max":17},"11":{"dtype":"number","min":0,"max":16331.970689417734},"12":{"dtype":"number","min":0,"max":1.6964676078467673},"13":{"dtype":"number","min":0,"max":2.7493626733794554},"14":{"dtype":"number","min":0,"max":109.79630386454988},"15":{"dtype":"number","min":0,"max":38.57316280639803},"16":{"dtype":"number","min":0,"max":8124.260917864373},"17":{"dtype":"number","min":0,"max":10188.274804892142},"18":{"dtype":"number","min":0,"max":22.17087465355469},"19":{"dtype":"number","min":0,"max":78},"20":{"dtype":"number","min":0,"max":113},"21":{"dtype":"number","min":0,"max":338},"22":{"dtype":"number","min":0,"max":376},"23":{"dtype":"number","min":0,"max":19},"24":{"dtype":"number","min":0,"max":15007.534045438644},"25":{"dtype":"number","min":0,"max":1.6291344288235263},"26":{"dtype":"number","min":0,"max":2.742769572310163},"27":{"dtype":"number","min":0,"max":109.4073914595221},"28":{"dtype":"number","min":0,"max":39.06655290085824},"29":{"dtype":"number","min":0,"max":6205.519412733972},"30":{"dtype":"number","min":0,"max":8750.34613737134},"31":{"dtype":"number","min":0,"max":14.228397704889955},"32":{"dtype":"number","min":0,"max":55},"33":{"dtype":"number","min":0,"max":95},"34":{"dtype":"number","min":0,"max":273},"35":{"dtype":"number","min":0,"max":309.5},"36":{"dtype":"number","min":0,"max":12},"37":{"dtype":"number","min":0,"max":19876.994340191377},"38":{"dtype":"number","min":0,"max":1.6649119089574265},"39":{"dtype":"number","min":0,"max":3.116796995858221}},"outputs":{"y":{"dtype":"string","min":0,"max":1,"uniqueValues":["N","A","S","H"],"legend":{"N":[1,0,0,0],"A":[0,1,0,0],"S":[0,0,1,0],"H":[0,0,0,1]}}},"isNormalized":true}