{"inputUnits":[53],"outputUnits":4,"inputs":{"0":{"dtype":"number","min":2,"max":287},"1":{"dtype":"number","min":1.4142135623730951,"max":16.941074346097416},"2":{"dtype":"number","min":0.010689580431137942,"max":47.026687898734835},"3":{"dtype":"number","min":2.0827853703164503,"max":8.470599951409516},"4":{"dtype":"number","min":4,"max":12894},"5":{"dtype":"number","min":0,"max":33.00000000000001},"6":{"dtype":"number","min":0,"max":11.255725566336954},"7":{"dtype":"number","min":0,"max":171.6098022511774},"8":{"dtype":"number","min":0,"max":42.19600965207807},"9":{"dtype":"number","min":0,"max":5101.155008635578},"10":{"dtype":"number","min":0,"max":5101.155008635578},"11":{"dtype":"number","min":0,"max":25.18740274237296},"12":{"dtype":"number","min":0,"max":283},"13":{"dtype":"number","min":0,"max":21},"14":{"dtype":"number","min":0,"max":168},"15":{"dtype":"number","min":0,"max":145},"16":{"dtype":"number","min":0,"max":48},"17":{"dtype":"number","min":0,"max":161.97454260064973},"18":{"dtype":"number","min":0,"max":40.25109334487738},"19":{"dtype":"number","min":-57.34459894348034,"max":52.35985466887465},"20":{"dtype":"number","min":0,"max":100},"21":{"dtype":"number","min":0,"max":107.6969377222193},"22":{"dtype":"number","min":0,"max":15.55281325034156},"23":{"dtype":"number","min":0,"max":170.48575251033162},"24":{"dtype":"number","min":0,"max":40.79025817218565},"25":{"dtype":"number","min":0,"max":3683.698127065736},"26":{"dtype":"number","min":0,"max":3683.698127065736},"27":{"dtype":"number","min":0,"max":22.000000000000004},"28":{"dtype":"number","min":0,"max":279},"29":{"dtype":"number","min":0,"max":14},"30":{"dtype":"number","min":0,"max":455},"31":{"dtype":"number","min":0,"max":452},"32":{"dtype":"number","min":0,"max":63},"33":{"dtype":"number","min":0,"max":165.38755220097534},"34":{"dtype":"number","min":0,"max":43.630379920634766},"35":{"dtype":"number","min":-52.12474355957053,"max":44.6710690680427},"36":{"dtype":"number","min":0,"max":100},"37":{"dtype":"number","min":0,"max":127},"38":{"dtype":"number","min":0,"max":35.483955685790036},"39":{"dtype":"number","min":0,"max":169.92887116130095},"40":{"dtype":"number","min":0,"max":38.08845735038236},"41":{"dtype":"number","min":0,"max":1537.2540766538054},"42":{"dtype":"number","min":0,"max":2048.8834812482105},"43":{"dtype":"number","min":0,"max":17},"44":{"dtype":"number","min":0,"max":284},"45":{"dtype":"number","min":0,"max":19},"46":{"dtype":"number","min":0,"max":405},"47":{"dtype":"number","min":0,"max":415},"48":{"dtype":"number","min":0,"max":64},"49":{"dtype":"number","min":0,"max":168.08585715491557},"50":{"dtype":"number","min":0,"max":37.92939573214032},"51":{"dtype":"number","min":-49.3996995964949,"max":44.72590960359126},"52":{"dtype":"number","min":0,"max":100}},"outputs":{"y":{"dtype":"string","min":0,"max":1,"uniqueValues":["N","A","S","H"],"legend":{"N":[1,0,0,0],"A":[0,1,0,0],"S":[0,0,1,0],"H":[0,0,0,1]}}},"isNormalized":true}